customer_id,registration_country,kyc_tier,risk_level,registration_date,created_at
CUS_19C6D3C6496C,US,standard,low,2024-12-12,2026-03-24 16:14:12
CUS_55D51C235E5B,US,standard,low,2025-07-14,2026-03-24 16:14:12
CUS_3EF770EF0BF5,US,standard,low,2025-05-01,2026-03-24 16:14:12
CUS_6F5876C9A2C4,UK,standard,low,2024-04-15,2026-03-24 16:14:12
CUS_DDC58D609870,UK,standard,low,2024-07-29,2026-03-24 16:14:12
CUS_1CB631BA1E36,UK,standard,high,2025-04-27,2026-03-24 16:14:12
CUS_5FB8852D37F4,US,standard,medium,2025-12-25,2026-03-24 16:14:12
CUS_D9D9F7DC002A,UK,standard,medium,2026-01-05,2026-03-24 16:14:12
CUS_682FEBD2B1D0,UK,enhanced,low,2025-06-04,2026-03-24 16:14:12
CUS_C3E05DFF251A,US,basic,low,2024-11-09,2026-03-24 16:14:12
CUS_1826D2A4D392,UK,enhanced,medium,2024-09-10,2026-03-24 16:14:12
CUS_1BACEA7A4629,US,standard,high,2025-12-06,2026-03-24 16:14:12
CUS_0F8D6BF0566C,UK,standard,low,2024-08-09,2026-03-24 16:14:12
CUS_CCBD8C066387,US,standard,high,2024-10-16,2026-03-24 16:14:12
CUS_037D5A604624,UK,enhanced,medium,2024-11-30,2026-03-24 16:14:12
CUS_41837E3017FA,UK,enhanced,low,2024-11-09,2026-03-24 16:14:12
CUS_281A5608887C,UK,basic,low,2025-07-22,2026-03-24 16:14:12
CUS_517CF415E946,UK,enhanced,low,2025-02-04,2026-03-24 16:14:12
CUS_E37BA68ACE5F,US,standard,medium,2024-11-23,2026-03-24 16:14:12
CUS_EADEEED8B5AD,US,basic,low,2024-04-27,2026-03-24 16:14:12
CUS_CD5940A082D4,UK,standard,low,2025-12-02,2026-03-24 16:14:12
CUS_217FBFBCE19B,UK,enhanced,medium,2025-12-07,2026-03-24 16:14:12
CUS_33920495D1AB,US,enhanced,low,2024-06-09,2026-03-24 16:14:12
CUS_BB98BBF610AD,UK,standard,medium,2024-11-21,2026-03-24 16:14:12
CUS_D719A4AF23DF,US,standard,medium,2026-02-15,2026-03-24 16:14:12
CUS_7EACED528952,US,standard,low,2025-02-05,2026-03-24 16:14:12
CUS_BC3DB798997C,US,standard,low,2025-05-09,2026-03-24 16:14:12
CUS_3D2B2C331B0B,US,enhanced,low,2024-09-27,2026-03-24 16:14:12
CUS_54E7BC57CF9F,UK,basic,medium,2025-10-21,2026-03-24 16:14:12
CUS_4D87634A0EA9,US,basic,high,2024-06-17,2026-03-24 16:14:12
CUS_DEF3560A6D8D,UK,standard,low,2025-04-04,2026-03-24 16:14:12
CUS_D1E050BE97E6,US,enhanced,low,2025-10-22,2026-03-24 16:14:12
CUS_5130C71488DA,US,enhanced,low,2024-09-17,2026-03-24 16:14:12
CUS_10009A65BEFE,UK,enhanced,medium,2025-11-17,2026-03-24 16:14:12
CUS_8F2601FB4818,US,standard,low,2025-03-08,2026-03-24 16:14:12
CUS_2DA84331288C,US,standard,low,2025-01-03,2026-03-24 16:14:12
CUS_774E12F73CCC,UK,standard,low,2024-09-05,2026-03-24 16:14:12
CUS_44C6711FBA7A,UK,standard,low,2025-11-07,2026-03-24 16:14:12
CUS_C4916075F662,UK,basic,medium,2024-07-02,2026-03-24 16:14:12
CUS_EBCEFEC9848D,US,enhanced,low,2024-09-10,2026-03-24 16:14:12
CUS_790600EF0051,US,enhanced,high,2025-03-13,2026-03-24 16:14:12
CUS_ED1367CB6D73,UK,standard,high,2025-07-17,2026-03-24 16:14:12
CUS_EA0BEE16361D,US,standard,low,2024-11-16,2026-03-24 16:14:12
CUS_5ECF45CAA337,US,standard,low,2025-01-01,2026-03-24 16:14:12
CUS_F484424C2225,US,enhanced,low,2025-01-15,2026-03-24 16:14:12
CUS_A4DCBBB3CB45,UK,standard,medium,2024-09-13,2026-03-24 16:14:12
CUS_A8CD22B89124,US,standard,low,2025-08-25,2026-03-24 16:14:12
CUS_31540F68B75C,UK,standard,low,2025-11-29,2026-03-24 16:14:12
CUS_FD980080C4D3,UK,standard,low,2024-08-02,2026-03-24 16:14:12
CUS_FF40AFAD84C3,UK,basic,medium,2025-12-13,2026-03-24 16:14:12
CUS_E86B354469DE,UK,standard,low,2025-10-28,2026-03-24 16:14:12
CUS_29F052A7EE60,US,standard,medium,2024-06-30,2026-03-24 16:14:12
CUS_EAD791F0B1BC,US,enhanced,low,2025-06-23,2026-03-24 16:14:12
CUS_EFDD81C311C5,US,standard,low,2024-12-29,2026-03-24 16:14:12
CUS_06393273A524,UK,enhanced,low,2024-04-20,2026-03-24 16:14:12
CUS_FAF184432FF6,US,standard,low,2025-01-04,2026-03-24 16:14:12
CUS_66DE62C0B9F8,US,enhanced,low,2024-04-11,2026-03-24 16:14:12
CUS_50283A496B4C,UK,standard,low,2025-03-23,2026-03-24 16:14:12
CUS_6E201C5CE11D,US,enhanced,low,2024-03-29,2026-03-24 16:14:12
CUS_DBE38F5497F4,UK,enhanced,low,2026-01-16,2026-03-24 16:14:12
CUS_A8B850DCA794,US,basic,medium,2025-06-08,2026-03-24 16:14:12
CUS_D7A4FAFEFBCB,US,enhanced,low,2025-09-18,2026-03-24 16:14:12
CUS_2C00F6AEB83D,UK,standard,low,2024-08-09,2026-03-24 16:14:12
CUS_98CF231ED196,US,enhanced,low,2025-01-27,2026-03-24 16:14:12
CUS_E541C0FB4B59,US,standard,low,2025-12-27,2026-03-24 16:14:12
CUS_1300A52F6DB6,US,standard,low,2025-07-30,2026-03-24 16:14:12
CUS_C5130E14886D,UK,standard,low,2025-02-05,2026-03-24 16:14:12
CUS_9869C2D918AB,US,standard,low,2025-05-24,2026-03-24 16:14:12
CUS_66984E9BD7B4,UK,standard,medium,2026-02-16,2026-03-24 16:14:12
CUS_FE216EC2EA39,US,standard,medium,2025-11-09,2026-03-24 16:14:12
CUS_686F3E4E6F2D,UK,standard,low,2025-12-26,2026-03-24 16:14:12
CUS_622B29B57CBC,US,basic,high,2024-05-19,2026-03-24 16:14:12
CUS_2F178A449F9B,UK,enhanced,medium,2025-09-26,2026-03-24 16:14:12
CUS_905D1FF42E40,US,standard,medium,2026-02-13,2026-03-24 16:14:12
CUS_9E5CED496B86,US,standard,medium,2024-10-31,2026-03-24 16:14:12
CUS_7F75246CCA1E,UK,basic,low,2024-07-04,2026-03-24 16:14:12
CUS_F87153F07E8E,US,enhanced,high,2026-02-14,2026-03-24 16:14:12
CUS_729817179799,US,standard,low,2024-06-14,2026-03-24 16:14:12
CUS_2A368E3C2A18,UK,standard,low,2025-08-03,2026-03-24 16:14:12
CUS_5DC748193B32,UK,basic,medium,2024-04-14,2026-03-24 16:14:12
CUS_8F86663CAF65,UK,enhanced,low,2025-12-10,2026-03-24 16:14:12
CUS_85AC7DDDD9C7,UK,standard,low,2026-01-13,2026-03-24 16:14:12
CUS_767FC3F29EB1,UK,basic,low,2025-08-15,2026-03-24 16:14:12
CUS_7F2C8B528B7D,US,standard,medium,2024-04-04,2026-03-24 16:14:12
CUS_FCBF286BCC3E,US,standard,medium,2025-02-05,2026-03-24 16:14:12
CUS_F92D46F37370,US,standard,medium,2025-06-23,2026-03-24 16:14:12
CUS_F7E7CAEB0381,UK,standard,low,2024-11-04,2026-03-24 16:14:12
CUS_E8EB3F28BB8B,UK,standard,medium,2024-08-10,2026-03-24 16:14:12
CUS_7DF5B136F0F3,UK,enhanced,low,2025-07-17,2026-03-24 16:14:12
CUS_AE72E89A3CFA,US,basic,low,2025-01-02,2026-03-24 16:14:12
CUS_94CA94BB29B1,UK,standard,high,2024-08-14,2026-03-24 16:14:12
CUS_12905DCDC349,UK,basic,medium,2025-06-19,2026-03-24 16:14:12
CUS_E5E57E5110C0,UK,standard,high,2024-11-24,2026-03-24 16:14:12
CUS_BAB96F78E8C6,US,standard,medium,2025-04-09,2026-03-24 16:14:12
CUS_588B499CCF5D,US,enhanced,medium,2024-03-29,2026-03-24 16:14:12
CUS_57F09FFC5548,US,standard,low,2025-06-20,2026-03-24 16:14:12
CUS_B189A10D0AB3,US,standard,medium,2025-01-08,2026-03-24 16:14:12
CUS_BBB595F6F53F,US,enhanced,low,2025-07-28,2026-03-24 16:14:12
CUS_2E4B7F617B0B,UK,enhanced,low,2025-09-02,2026-03-24 16:14:12
CUS_1C5A4EC06771,US,basic,low,2024-09-06,2026-03-24 16:14:12
CUS_D3183FF4A4BD,UK,enhanced,medium,2024-04-12,2026-03-24 16:14:12
CUS_48FF89EA144B,US,standard,high,2025-05-02,2026-03-24 16:14:12
CUS_7724F9382F57,UK,standard,low,2024-06-25,2026-03-24 16:14:12
CUS_E0CDB176416D,UK,standard,low,2024-10-04,2026-03-24 16:14:12
CUS_71C65219AFEF,UK,standard,low,2025-01-24,2026-03-24 16:14:12
CUS_4E29A2DB2E93,US,enhanced,low,2024-07-04,2026-03-24 16:14:12
CUS_B7AE9D3C5665,US,standard,medium,2025-12-21,2026-03-24 16:14:12
CUS_07F14EA2F13B,US,standard,medium,2025-05-14,2026-03-24 16:14:12
CUS_FC5E09FB9037,US,standard,low,2024-05-29,2026-03-24 16:14:12
CUS_262186FEDA09,US,standard,medium,2026-02-11,2026-03-24 16:14:12
CUS_6C6562BDDD08,US,standard,low,2025-08-10,2026-03-24 16:14:12
CUS_EA31208A3D51,US,standard,low,2024-06-06,2026-03-24 16:14:12
CUS_4ACC0C67DABE,UK,standard,low,2025-01-21,2026-03-24 16:14:12
CUS_8D4BCCA448A3,UK,basic,medium,2024-05-12,2026-03-24 16:14:12
CUS_FB306C6C9321,US,standard,medium,2024-05-22,2026-03-24 16:14:12
CUS_88944BDC9F53,US,standard,medium,2025-05-05,2026-03-24 16:14:12
CUS_89BAE764D411,US,enhanced,high,2024-07-10,2026-03-24 16:14:12
CUS_7C9FB09EE5FE,US,enhanced,low,2024-12-11,2026-03-24 16:14:12
CUS_E97E173E941D,US,standard,medium,2025-07-08,2026-03-24 16:14:12
CUS_CFF39AC763FE,UK,enhanced,low,2024-12-28,2026-03-24 16:14:12
CUS_5264A853D6DD,US,standard,medium,2025-09-21,2026-03-24 16:14:12
CUS_397D2C611881,UK,enhanced,low,2024-11-30,2026-03-24 16:14:12
CUS_8428CBDCC2DF,US,standard,medium,2025-10-12,2026-03-24 16:14:12
CUS_AC2441984953,US,standard,medium,2024-05-20,2026-03-24 16:14:12
CUS_AE0112C671CF,US,basic,low,2025-04-03,2026-03-24 16:14:12
CUS_B1E154944560,US,standard,medium,2024-05-07,2026-03-24 16:14:12
CUS_88BC3DEC7F18,UK,basic,low,2025-04-24,2026-03-24 16:14:12
CUS_EACCA320D170,US,standard,medium,2025-06-01,2026-03-24 16:14:12
CUS_02936299B12C,UK,standard,medium,2025-10-02,2026-03-24 16:14:12
CUS_9D483A02D011,US,enhanced,low,2024-08-26,2026-03-24 16:14:12
CUS_F91C5CBF6993,UK,basic,low,2024-11-25,2026-03-24 16:14:12
CUS_C75BFB589DF9,US,enhanced,medium,2026-01-29,2026-03-24 16:14:12
CUS_A79C20F534D3,UK,standard,medium,2025-03-01,2026-03-24 16:14:12
CUS_360444F8AC9D,UK,standard,medium,2025-12-25,2026-03-24 16:14:12
CUS_EB6D6FED6F35,US,basic,medium,2025-12-12,2026-03-24 16:14:12
CUS_341C61646468,US,basic,low,2025-03-08,2026-03-24 16:14:12
CUS_AB8E4F37F099,UK,standard,low,2025-02-25,2026-03-24 16:14:12
CUS_66CCC6A6B920,US,standard,low,2026-01-02,2026-03-24 16:14:12
CUS_54B92D8499D6,US,basic,high,2025-10-17,2026-03-24 16:14:12
CUS_525880CCDFDD,UK,enhanced,low,2025-09-27,2026-03-24 16:14:12
CUS_FBD5363E3294,UK,standard,low,2025-07-29,2026-03-24 16:14:12
CUS_2A02A94CFECA,US,enhanced,low,2024-09-19,2026-03-24 16:14:12
CUS_664000F7EF82,US,standard,low,2025-05-29,2026-03-24 16:14:12
CUS_195440BC9406,UK,standard,medium,2024-05-21,2026-03-24 16:14:12
CUS_8220898289B3,US,standard,low,2025-06-06,2026-03-24 16:14:12
CUS_18A02148978F,UK,enhanced,high,2024-04-17,2026-03-24 16:14:12
CUS_BBC83F97428F,UK,standard,low,2025-04-14,2026-03-24 16:14:12
CUS_2B635F170486,US,enhanced,low,2024-10-31,2026-03-24 16:14:12
CUS_B8A6AA04523B,UK,standard,medium,2025-12-25,2026-03-24 16:14:12
CUS_034F52E53A33,US,standard,medium,2024-11-10,2026-03-24 16:14:12
CUS_59C34F1C777C,US,basic,low,2025-05-03,2026-03-24 16:14:12
CUS_471B3DB453F8,US,basic,medium,2026-02-05,2026-03-24 16:14:12
CUS_6C05B6151AE5,UK,standard,low,2024-12-18,2026-03-24 16:14:12
CUS_2496507B0C7B,UK,basic,low,2025-05-23,2026-03-24 16:14:12
CUS_674C389C9845,US,enhanced,medium,2024-07-20,2026-03-24 16:14:12
CUS_1CB40AE90F76,UK,basic,high,2025-03-21,2026-03-24 16:14:12
CUS_3C68522D5ED3,US,standard,low,2025-10-25,2026-03-24 16:14:12
CUS_00A2634FFA42,UK,standard,low,2025-05-25,2026-03-24 16:14:12
CUS_11A52BE99684,UK,basic,low,2026-02-14,2026-03-24 16:14:12
CUS_AD4D25D34E9A,US,standard,low,2025-10-15,2026-03-24 16:14:12
CUS_58260EE8A22C,UK,basic,low,2024-04-13,2026-03-24 16:14:12
CUS_1530B519EE87,UK,basic,low,2025-11-15,2026-03-24 16:14:12
CUS_A97EC65D7F76,UK,standard,high,2024-12-21,2026-03-24 16:14:12
CUS_2556390C3446,US,standard,medium,2025-02-19,2026-03-24 16:14:12
CUS_917C37839BBF,UK,standard,low,2025-03-06,2026-03-24 16:14:12
CUS_11DA979A23AE,US,standard,low,2025-08-02,2026-03-24 16:14:12
CUS_F5A46311A2EC,US,enhanced,low,2025-09-27,2026-03-24 16:14:12
CUS_D0381760D8C3,US,enhanced,low,2025-11-17,2026-03-24 16:14:12
CUS_FECB64E41054,US,standard,medium,2025-11-21,2026-03-24 16:14:12
CUS_0E248804A3D1,UK,standard,medium,2025-12-25,2026-03-24 16:14:12
CUS_94B8AD2F06B6,UK,enhanced,medium,2026-01-18,2026-03-24 16:14:12
CUS_4E6D54A84891,US,standard,medium,2026-02-18,2026-03-24 16:14:12
CUS_D63818351159,UK,basic,low,2024-04-20,2026-03-24 16:14:12
CUS_F94D3C3379E9,US,enhanced,medium,2025-07-08,2026-03-24 16:14:12
CUS_39087C45A733,US,standard,medium,2024-09-28,2026-03-24 16:14:12
CUS_720C0860987B,US,standard,high,2025-01-22,2026-03-24 16:14:12
CUS_4685804EE917,US,basic,low,2025-02-20,2026-03-24 16:14:12
CUS_34D42433E764,US,standard,low,2024-06-17,2026-03-24 16:14:12
CUS_1735606626BC,UK,standard,medium,2025-12-25,2026-03-24 16:14:12
CUS_D08C05BDB014,UK,standard,low,2026-01-08,2026-03-24 16:14:12
CUS_E352DBB75083,US,standard,low,2025-05-09,2026-03-24 16:14:12
CUS_CD67340BC7E2,US,standard,low,2025-05-28,2026-03-24 16:14:12
CUS_35A58C3FFDD7,US,basic,low,2025-01-22,2026-03-24 16:14:12
CUS_89286D2B0228,UK,enhanced,low,2024-08-23,2026-03-24 16:14:12
CUS_24D677BCFF5D,US,enhanced,low,2025-12-09,2026-03-24 16:14:12
CUS_F59F5FF78B49,UK,enhanced,medium,2026-02-21,2026-03-24 16:14:12
CUS_881EB163A03C,US,standard,low,2025-12-29,2026-03-24 16:14:12
CUS_AE1E93890216,US,enhanced,low,2024-05-08,2026-03-24 16:14:12
CUS_B06F7DC14926,US,enhanced,medium,2026-01-04,2026-03-24 16:14:12
CUS_BA3D1D90BAD8,UK,standard,medium,2025-05-25,2026-03-24 16:14:12
CUS_846A979D8804,US,basic,medium,2024-05-05,2026-03-24 16:14:12
CUS_4EE46563098E,US,standard,low,2025-07-10,2026-03-24 16:14:12
CUS_5450A48B8C63,UK,enhanced,medium,2024-05-26,2026-03-24 16:14:12
CUS_7D31EDBB19CB,UK,standard,low,2025-09-06,2026-03-24 16:14:12
CUS_3B79BF52A5E0,UK,enhanced,low,2025-12-07,2026-03-24 16:14:12
CUS_8B6E431A5C6A,US,enhanced,medium,2025-12-10,2026-03-24 16:14:12
CUS_36DED683526B,US,standard,low,2024-08-31,2026-03-24 16:14:12
CUS_FFAF88BE0390,US,standard,low,2025-01-28,2026-03-24 16:14:12
CUS_E760FF127CE4,US,enhanced,medium,2025-09-04,2026-03-24 16:14:12
CUS_CD65E422B1B7,US,basic,low,2024-08-12,2026-03-24 16:14:12
CUS_505188F19AD6,US,standard,low,2024-11-13,2026-03-24 16:14:12
CUS_9CE7AB9E9BDF,US,basic,low,2026-01-27,2026-03-24 16:14:12
CUS_A65F09FF7119,UK,basic,medium,2025-04-07,2026-03-24 16:14:12
CUS_B296414F6B5F,US,standard,low,2025-04-30,2026-03-24 16:14:12
CUS_259A933ECD37,US,standard,high,2025-05-06,2026-03-24 16:14:12
CUS_3644570370A6,US,basic,low,2024-08-05,2026-03-24 16:14:12
CUS_A8874D227917,US,standard,medium,2025-03-10,2026-03-24 16:14:12
CUS_DF20B160AE66,UK,enhanced,low,2025-10-09,2026-03-24 16:14:12
CUS_B0D5B529384A,UK,standard,low,2024-11-08,2026-03-24 16:14:12
CUS_816E4D7EA480,US,enhanced,low,2025-01-19,2026-03-24 16:14:12
CUS_DD64E2A38042,US,enhanced,medium,2024-09-01,2026-03-24 16:14:12
CUS_142D69D356DC,US,basic,low,2025-08-05,2026-03-24 16:14:12
CUS_D274DEFAD9DF,US,standard,medium,2024-07-22,2026-03-24 16:14:12
CUS_F96C88CA6F3C,UK,standard,low,2024-11-07,2026-03-24 16:14:12
CUS_48E956AE4671,UK,enhanced,low,2025-07-29,2026-03-24 16:14:12
CUS_91B571E31C40,US,basic,high,2025-03-13,2026-03-24 16:14:12
CUS_C4EB8A61BF43,US,standard,low,2026-01-03,2026-03-24 16:14:12
CUS_E5B0560D78AF,UK,standard,low,2025-07-08,2026-03-24 16:14:12
CUS_3DE7206232C9,UK,standard,medium,2025-11-18,2026-03-24 16:14:12
CUS_088AB2E741A8,UK,enhanced,medium,2025-01-04,2026-03-24 16:14:12
CUS_3C334999E63B,US,standard,low,2025-06-07,2026-03-24 16:14:12
CUS_8BAE6973A68B,US,standard,low,2024-07-26,2026-03-24 16:14:12
CUS_13E703E5C9C2,UK,enhanced,medium,2025-02-18,2026-03-24 16:14:12
CUS_1474C976729B,UK,enhanced,medium,2024-09-27,2026-03-24 16:14:12
CUS_1DE3885855F2,US,basic,medium,2025-05-12,2026-03-24 16:14:12
CUS_BD4C359DD0D5,UK,basic,medium,2024-06-30,2026-03-24 16:14:12
CUS_3D231A5C5707,US,enhanced,low,2024-10-06,2026-03-24 16:14:12
CUS_0D389B40CBFF,UK,standard,high,2024-09-05,2026-03-24 16:14:12
CUS_82484F7984BD,US,enhanced,medium,2025-01-06,2026-03-24 16:14:12
CUS_F89382E292F9,UK,standard,low,2025-04-15,2026-03-24 16:14:12
CUS_E69F0F3BE884,UK,enhanced,low,2025-12-28,2026-03-24 16:14:12
CUS_107E7E35CA0F,US,basic,medium,2024-09-30,2026-03-24 16:14:12
CUS_F2890240D641,UK,standard,low,2025-11-29,2026-03-24 16:14:12
CUS_5E9282AD8976,US,basic,low,2025-05-14,2026-03-24 16:14:12
CUS_C61B56679CD4,UK,standard,medium,2025-05-23,2026-03-24 16:14:12
CUS_CCE133338FE7,UK,basic,medium,2026-02-21,2026-03-24 16:14:12
CUS_75B0FEF8A27D,UK,standard,low,2024-05-13,2026-03-24 16:14:12
CUS_53DC3D825409,US,standard,high,2025-12-16,2026-03-24 16:14:12
CUS_8032EDDF3EA3,UK,basic,medium,2026-02-02,2026-03-24 16:14:12
CUS_D7463D3730B9,US,enhanced,low,2024-06-25,2026-03-24 16:14:12
CUS_B5F30C55ED9D,US,basic,medium,2025-06-28,2026-03-24 16:14:12
CUS_8DA1954942C6,UK,standard,medium,2025-04-22,2026-03-24 16:14:12
CUS_6BEB530E61C7,UK,standard,medium,2024-12-18,2026-03-24 16:14:12
CUS_AF3412A66BF7,US,standard,low,2024-06-30,2026-03-24 16:14:12
CUS_434BD7F54D15,US,basic,medium,2025-07-06,2026-03-24 16:14:12
CUS_68015577CFBC,US,standard,medium,2025-08-12,2026-03-24 16:14:12
CUS_378F24E37056,US,standard,low,2025-02-08,2026-03-24 16:14:12
CUS_D7D80FACBFA2,UK,enhanced,low,2025-07-30,2026-03-24 16:14:12
CUS_FEC048729AF5,UK,standard,low,2024-06-27,2026-03-24 16:14:12
CUS_C403637D8350,UK,standard,medium,2025-04-06,2026-03-24 16:14:12
CUS_24CC03C02801,US,standard,low,2026-01-05,2026-03-24 16:14:12
CUS_23E767A2495B,US,standard,medium,2025-01-18,2026-03-24 16:14:12
CUS_97DDA0FE46D3,US,standard,low,2024-06-07,2026-03-24 16:14:12
CUS_AC1E9F5D37E2,US,standard,high,2025-04-23,2026-03-24 16:14:12
CUS_96B6D3FC45F4,UK,enhanced,low,2025-07-27,2026-03-24 16:14:12
CUS_FC982E4439FE,UK,standard,medium,2026-02-15,2026-03-24 16:14:12
CUS_D38FA8E9E55A,US,standard,low,2024-09-21,2026-03-24 16:14:12
CUS_AF6219665479,US,standard,low,2025-02-27,2026-03-24 16:14:12
CUS_9D96FAB4D00F,US,standard,low,2024-04-15,2026-03-24 16:14:12
CUS_130DC7139E1D,US,standard,medium,2024-04-20,2026-03-24 16:14:12
CUS_EFC50BDAB9CC,US,basic,high,2026-01-15,2026-03-24 16:14:12
CUS_788654EE3D0A,UK,standard,low,2024-11-22,2026-03-24 16:14:12
CUS_2DDE26999BAA,US,standard,low,2025-07-11,2026-03-24 16:14:12
CUS_EE7FF5AE60F3,US,standard,low,2025-03-29,2026-03-24 16:14:12
CUS_342CDCD737F1,UK,standard,high,2024-03-29,2026-03-24 16:14:12
CUS_66F4F5AEA081,UK,standard,low,2024-11-13,2026-03-24 16:14:12
CUS_DE466E130571,US,standard,medium,2025-02-09,2026-03-24 16:14:12
CUS_278F0ECEB6E6,UK,enhanced,low,2025-11-19,2026-03-24 16:14:12
CUS_1CC12671DC1C,US,standard,low,2024-07-07,2026-03-24 16:14:12
CUS_2A5F10D0A850,UK,standard,low,2024-12-19,2026-03-24 16:14:12
CUS_06E356BEDE0C,UK,standard,low,2025-12-13,2026-03-24 16:14:12
CUS_6F9E2A879A43,US,basic,medium,2024-10-11,2026-03-24 16:14:12
CUS_C254240FEFD0,UK,standard,low,2025-10-05,2026-03-24 16:14:12
CUS_4AF19FD9D89B,US,basic,low,2025-12-04,2026-03-24 16:14:12
CUS_61A92412B0AC,US,standard,medium,2024-04-22,2026-03-24 16:14:12
CUS_77D47F971EBA,US,basic,medium,2025-03-07,2026-03-24 16:14:12
CUS_E659C1D6E773,UK,standard,medium,2024-04-30,2026-03-24 16:14:12
CUS_13BF6D3C6E3D,UK,enhanced,high,2024-12-01,2026-03-24 16:14:12
CUS_35B866405C53,US,basic,medium,2025-04-22,2026-03-24 16:14:12
CUS_C88D60680A6F,UK,basic,low,2024-03-29,2026-03-24 16:14:12
CUS_21B2CC990975,US,basic,low,2025-02-17,2026-03-24 16:14:12
CUS_9070F59C9286,US,basic,low,2024-11-30,2026-03-24 16:14:12
CUS_5826E8A66E92,US,standard,low,2025-12-01,2026-03-24 16:14:12
CUS_18EA759EFFEF,US,enhanced,low,2024-05-02,2026-03-24 16:14:12
CUS_32FC67521D8D,UK,standard,low,2025-12-28,2026-03-24 16:14:12
CUS_A470AAE46C2B,UK,basic,low,2025-03-16,2026-03-24 16:14:12
CUS_1B6A95072BB7,US,standard,high,2024-05-29,2026-03-24 16:14:12
CUS_3CBD3F04A613,UK,basic,low,2025-05-17,2026-03-24 16:14:12
CUS_97DCE8A46B76,UK,standard,high,2025-02-14,2026-03-24 16:14:12
CUS_36EA353B877B,US,basic,low,2025-06-16,2026-03-24 16:14:12
CUS_412426628FFF,US,enhanced,low,2025-02-18,2026-03-24 16:14:12
CUS_15F29182FFB3,US,basic,low,2026-02-06,2026-03-24 16:14:12
CUS_1F5D6BA2A336,US,standard,low,2024-10-15,2026-03-24 16:14:12
CUS_9A2ACDB15B75,UK,standard,medium,2025-02-03,2026-03-24 16:14:12
CUS_53D87D103F7B,UK,standard,low,2025-12-02,2026-03-24 16:14:12
CUS_2E0719CDD97B,UK,standard,low,2025-11-05,2026-03-24 16:14:12
CUS_19438F274966,US,standard,low,2025-01-20,2026-03-24 16:14:12
CUS_0F95C7ACDFAB,UK,standard,low,2025-08-15,2026-03-24 16:14:12
CUS_9403A3BB59DB,US,basic,low,2024-07-05,2026-03-24 16:14:12
CUS_3C22DFEFFA12,US,basic,low,2025-05-10,2026-03-24 16:14:12
CUS_B2DB0486F24C,US,standard,high,2024-04-17,2026-03-24 16:14:12
CUS_C03038F8CD7D,US,basic,low,2024-10-05,2026-03-24 16:14:12
CUS_FC5F1450B4B8,US,standard,medium,2024-09-25,2026-03-24 16:14:12
CUS_E5F19F001F13,US,basic,medium,2025-04-04,2026-03-24 16:14:12
CUS_55D5F6CB6BC4,US,standard,medium,2025-07-16,2026-03-24 16:14:12
CUS_C59F651D11B5,US,basic,low,2024-10-03,2026-03-24 16:14:12
CUS_4A059FF7C3C8,UK,standard,high,2024-12-06,2026-03-24 16:14:12
CUS_4805AE181E6B,US,standard,low,2025-08-25,2026-03-24 16:14:12
CUS_6D0D96E2964A,US,standard,medium,2024-05-02,2026-03-24 16:14:12
CUS_D1A3BB7227C8,UK,standard,low,2024-12-11,2026-03-24 16:14:12
CUS_459806F4CB62,UK,standard,low,2024-07-25,2026-03-24 16:14:12
CUS_E827CDB4798C,UK,basic,low,2025-09-04,2026-03-24 16:14:12
CUS_CB3680C4C54A,UK,standard,medium,2025-12-12,2026-03-24 16:14:12
CUS_231576827ED8,UK,standard,low,2025-11-18,2026-03-24 16:14:12
CUS_797B90C92E36,US,enhanced,medium,2024-06-20,2026-03-24 16:14:12
CUS_41B24D6C610D,UK,enhanced,low,2025-01-19,2026-03-24 16:14:12
CUS_1D2DB9259743,US,basic,low,2025-04-08,2026-03-24 16:14:12
CUS_FEDE6842C6E5,US,enhanced,medium,2024-08-08,2026-03-24 16:14:12
CUS_520622F2BE39,UK,enhanced,medium,2025-10-23,2026-03-24 16:14:12
CUS_93BB76E9A1C7,UK,enhanced,low,2025-07-25,2026-03-24 16:14:12
CUS_8443E2DCAA20,US,enhanced,high,2024-04-18,2026-03-24 16:14:12
CUS_004F6170B684,US,enhanced,medium,2025-07-20,2026-03-24 16:14:12
CUS_10F8DB5C0D89,US,enhanced,low,2026-01-03,2026-03-24 16:14:12
CUS_6DF1D0854EE1,UK,basic,high,2025-02-03,2026-03-24 16:14:12
CUS_55CCDB3C8F0E,US,basic,low,2025-12-20,2026-03-24 16:14:12
CUS_1B34004AE9AA,UK,standard,medium,2025-12-15,2026-03-24 16:14:12
CUS_19A795055599,US,basic,low,2025-07-29,2026-03-24 16:14:12
CUS_AECF96AE4DB9,US,standard,low,2026-02-09,2026-03-24 16:14:12
CUS_1C0B7E034134,US,enhanced,low,2025-07-15,2026-03-24 16:14:12
CUS_88076FB6FD63,UK,standard,low,2025-10-04,2026-03-24 16:14:12
CUS_2178277E192F,US,standard,low,2025-02-03,2026-03-24 16:14:12
CUS_9C0DC65A6020,UK,basic,medium,2024-11-11,2026-03-24 16:14:12
CUS_9C5F7D3D32EC,UK,enhanced,high,2025-11-25,2026-03-24 16:14:12
CUS_FA4B7EF83C68,US,enhanced,low,2025-04-14,2026-03-24 16:14:12
CUS_CB8267B87D27,US,enhanced,low,2024-11-13,2026-03-24 16:14:12
CUS_4EF9AC742619,UK,standard,medium,2025-02-12,2026-03-24 16:14:12
CUS_5DB21E889766,US,standard,high,2024-08-13,2026-03-24 16:14:12
CUS_9FCF6D45A467,UK,standard,medium,2025-11-05,2026-03-24 16:14:12
CUS_100C49BCC489,US,standard,medium,2026-02-07,2026-03-24 16:14:12
CUS_D67DF86EC15B,UK,enhanced,low,2025-11-18,2026-03-24 16:14:12
CUS_3A8262AEC933,UK,standard,low,2025-01-16,2026-03-24 16:14:12
CUS_504C5190630C,UK,standard,medium,2025-03-01,2026-03-24 16:14:12
CUS_8CAE2FE9E7B0,UK,standard,low,2024-09-28,2026-03-24 16:14:12
CUS_EAAA4A71DC15,US,standard,medium,2024-11-08,2026-03-24 16:14:12
CUS_D0109032C8F7,US,basic,low,2024-06-21,2026-03-24 16:14:12
CUS_BD6BF482068F,US,basic,high,2025-09-27,2026-03-24 16:14:12
CUS_E60AFC921A70,US,basic,medium,2025-09-10,2026-03-24 16:14:12
CUS_1076D689EEC1,US,enhanced,low,2026-02-10,2026-03-24 16:14:12
CUS_F0E1A4BD8C2B,US,standard,low,2024-10-23,2026-03-24 16:14:12
CUS_068CF63F8BB2,UK,standard,medium,2025-09-28,2026-03-24 16:14:12
CUS_EB4FEA5179D7,US,standard,medium,2024-12-02,2026-03-24 16:14:12
CUS_DC5950671C9E,US,standard,medium,2024-06-06,2026-03-24 16:14:12
CUS_5C0FBD0DEFBC,US,standard,medium,2026-02-08,2026-03-24 16:14:12
CUS_403BF767E302,UK,standard,medium,2024-08-02,2026-03-24 16:14:12
CUS_B74A966A19D5,UK,standard,low,2025-07-27,2026-03-24 16:14:12
CUS_A9FFFDEC3869,UK,enhanced,low,2025-04-05,2026-03-24 16:14:12
CUS_6FD85235BF10,UK,standard,low,2025-05-06,2026-03-24 16:14:12
CUS_AC9BC76DB953,US,basic,medium,2024-10-05,2026-03-24 16:14:12
CUS_0F74633E5A23,UK,standard,medium,2025-10-19,2026-03-24 16:14:12
CUS_C6C6D9D75156,UK,enhanced,low,2024-08-04,2026-03-24 16:14:12
CUS_2A27E83B3C45,US,basic,medium,2025-06-21,2026-03-24 16:14:12
CUS_BF2A2D2D668E,UK,standard,medium,2025-06-04,2026-03-24 16:14:12
CUS_E6C656B89FC0,UK,standard,medium,2025-03-16,2026-03-24 16:14:12
CUS_2BFDDDC830AB,US,standard,low,2024-11-28,2026-03-24 16:14:12
CUS_BA0A24211400,UK,enhanced,medium,2025-06-25,2026-03-24 16:14:12
CUS_3F38E8AA5BB9,US,basic,low,2026-01-08,2026-03-24 16:14:12
CUS_88A2A1DD80B5,US,enhanced,high,2024-11-24,2026-03-24 16:14:12
CUS_EEF329E1EF06,US,enhanced,low,2025-11-06,2026-03-24 16:14:12
CUS_2455AC83802E,UK,standard,medium,2025-05-14,2026-03-24 16:14:12
CUS_A1B68F68CC3D,US,standard,medium,2025-12-07,2026-03-24 16:14:12
CUS_868139CF16E7,US,standard,low,2025-01-19,2026-03-24 16:14:12
CUS_849DFCD343AC,UK,enhanced,low,2026-02-18,2026-03-24 16:14:12
CUS_CD81DA0CBE48,UK,basic,low,2025-10-16,2026-03-24 16:14:12
CUS_893487AEC52B,US,standard,low,2025-02-23,2026-03-24 16:14:12
CUS_F28ACFA0A90C,UK,enhanced,high,2025-06-11,2026-03-24 16:14:12
CUS_D10D1D328A57,US,standard,low,2026-02-16,2026-03-24 16:14:12
CUS_88EEDB45D611,UK,enhanced,low,2024-12-08,2026-03-24 16:14:12
CUS_C315AB7646EF,UK,standard,low,2025-06-24,2026-03-24 16:14:12
CUS_1F6F068037EB,US,standard,high,2025-03-31,2026-03-24 16:14:12
CUS_21B8865D5D0C,UK,standard,low,2024-12-26,2026-03-24 16:14:12
CUS_13460B38788E,US,enhanced,medium,2025-04-15,2026-03-24 16:14:12
CUS_EF6495EEFEC0,US,standard,low,2026-02-22,2026-03-24 16:14:12
CUS_1F32C3CDD0F2,US,enhanced,high,2025-08-06,2026-03-24 16:14:12
CUS_216715997E38,UK,basic,low,2025-12-10,2026-03-24 16:14:12
CUS_45B561E9EE00,US,enhanced,low,2024-12-29,2026-03-24 16:14:12
CUS_C725D4220B88,US,basic,medium,2024-08-03,2026-03-24 16:14:12
CUS_4CD47370E071,US,enhanced,low,2025-04-05,2026-03-24 16:14:12
CUS_2DA43EBD3825,UK,standard,medium,2026-01-15,2026-03-24 16:14:12
CUS_A5AEBA09A063,US,standard,high,2025-04-30,2026-03-24 16:14:12
CUS_954B876EE2C4,UK,standard,low,2024-06-22,2026-03-24 16:14:12
CUS_F7A65195E154,US,standard,low,2024-11-06,2026-03-24 16:14:12
CUS_4671393B9C6C,US,enhanced,medium,2024-05-17,2026-03-24 16:14:12
CUS_BE222612DD71,UK,basic,low,2025-05-01,2026-03-24 16:14:12
CUS_CAF66E2B3626,US,basic,high,2024-07-25,2026-03-24 16:14:12
CUS_EBC741324301,US,standard,medium,2025-05-29,2026-03-24 16:14:12
CUS_0892FB8BFE6F,US,enhanced,low,2025-04-10,2026-03-24 16:14:12
CUS_D9EFC38CB8A3,UK,standard,high,2025-03-03,2026-03-24 16:14:12
CUS_EC273F3215F3,US,enhanced,medium,2025-03-15,2026-03-24 16:14:12
CUS_D6CCBD93AF21,US,standard,low,2025-10-11,2026-03-24 16:14:12
CUS_C209B9017257,UK,standard,medium,2025-09-21,2026-03-24 16:14:12
CUS_ED8A885FB6DF,UK,basic,low,2024-08-08,2026-03-24 16:14:12
CUS_E18AF721F703,UK,basic,low,2026-01-29,2026-03-24 16:14:12
CUS_F0B8C4B5466A,UK,standard,low,2025-03-03,2026-03-24 16:14:12
CUS_C666B19F2A78,US,standard,low,2025-05-19,2026-03-24 16:14:12
CUS_2483E3A80DF5,US,standard,low,2025-06-13,2026-03-24 16:14:12
CUS_E1AA906B0B15,UK,standard,low,2026-01-12,2026-03-24 16:14:12
CUS_D0F22A25371C,UK,standard,high,2025-01-15,2026-03-24 16:14:12
CUS_EBE69074B43F,UK,standard,low,2024-10-27,2026-03-24 16:14:12
CUS_4E566ECEC8C2,UK,standard,high,2025-06-29,2026-03-24 16:14:12
CUS_2FAC9BCFD8F9,US,standard,medium,2025-06-24,2026-03-24 16:14:12
CUS_3AC86F93BEA2,US,standard,low,2025-11-02,2026-03-24 16:14:12
CUS_83939C9713DD,UK,standard,low,2024-08-21,2026-03-24 16:14:12
CUS_95F43CDBAF1E,US,standard,medium,2025-02-03,2026-03-24 16:14:12
CUS_E6899435C71C,US,basic,medium,2024-05-05,2026-03-24 16:14:12
CUS_2C9ED5CB43D3,US,standard,low,2025-11-16,2026-03-24 16:14:12
CUS_A70036657FF9,US,standard,medium,2024-06-04,2026-03-24 16:14:12
CUS_DF02899504FB,UK,basic,medium,2025-05-27,2026-03-24 16:14:12
CUS_50B6FC519582,UK,enhanced,low,2024-11-20,2026-03-24 16:14:12
CUS_039405CB88C8,UK,enhanced,low,2025-03-07,2026-03-24 16:14:12
CUS_75D96A432604,US,enhanced,low,2025-05-21,2026-03-24 16:14:12
CUS_391676FC0F28,US,standard,low,2024-06-02,2026-03-24 16:14:12
CUS_49427A0C35E5,UK,basic,high,2025-08-19,2026-03-24 16:14:12
CUS_B7CC648E2887,US,enhanced,low,2024-06-17,2026-03-24 16:14:12
CUS_5418F3DDF20A,US,enhanced,medium,2024-06-02,2026-03-24 16:14:12
CUS_E0396153E084,US,basic,low,2024-11-13,2026-03-24 16:14:12
CUS_1FD1E694613E,UK,standard,low,2024-09-26,2026-03-24 16:14:12
CUS_09FEC97BB65E,UK,basic,low,2025-07-08,2026-03-24 16:14:12
CUS_37600E811DBF,UK,standard,high,2024-09-29,2026-03-24 16:14:12
CUS_196405BCA8A7,UK,enhanced,low,2024-05-21,2026-03-24 16:14:12
CUS_CF8BB35CB43A,US,standard,low,2026-01-15,2026-03-24 16:14:12
CUS_E09496B1D6FB,US,standard,low,2024-11-02,2026-03-24 16:14:12
CUS_DE7680CFB716,UK,standard,low,2025-11-16,2026-03-24 16:14:12
CUS_DDB258D03D0E,US,standard,low,2025-01-01,2026-03-24 16:14:12
CUS_C9A248970CD8,US,basic,medium,2024-07-25,2026-03-24 16:14:12
CUS_72D51267A10E,US,basic,low,2024-04-16,2026-03-24 16:14:12
CUS_33A3AD5CC54E,UK,standard,low,2024-12-21,2026-03-24 16:14:12
CUS_770AD0C092DB,UK,basic,low,2024-03-26,2026-03-24 16:14:12
CUS_C983420F188F,UK,standard,low,2026-01-27,2026-03-24 16:14:12
CUS_30DDE2E4EFD2,US,standard,low,2025-07-13,2026-03-24 16:14:12
CUS_B9AF0D394E2F,UK,standard,low,2025-03-02,2026-03-24 16:14:12
CUS_6DD228854263,UK,basic,low,2025-02-07,2026-03-24 16:14:12
CUS_BF8FD35C8AD0,UK,standard,low,2024-11-10,2026-03-24 16:14:12
CUS_78B8EAEF1544,UK,enhanced,high,2024-04-25,2026-03-24 16:14:12
CUS_02B07CFFE597,US,basic,medium,2025-08-17,2026-03-24 16:14:12
CUS_A7D8D0C4245C,US,enhanced,medium,2026-01-16,2026-03-24 16:14:12
CUS_C873FB7B4CD3,US,enhanced,medium,2024-05-01,2026-03-24 16:14:12
CUS_8303908BD730,UK,enhanced,low,2024-05-09,2026-03-24 16:14:12
CUS_89758E23E1C5,UK,enhanced,medium,2024-10-17,2026-03-24 16:14:12
CUS_B73D84F41784,US,basic,low,2025-01-24,2026-03-24 16:14:12
CUS_DDE9F724D294,UK,basic,low,2025-04-29,2026-03-24 16:14:12
CUS_51A875BE7047,UK,standard,high,2024-11-03,2026-03-24 16:14:12
CUS_7E7E1A003F88,US,enhanced,medium,2024-11-23,2026-03-24 16:14:12
CUS_6FFDAF75D099,UK,standard,high,2024-08-10,2026-03-24 16:14:12
CUS_48E9CD8042A0,UK,standard,medium,2025-10-12,2026-03-24 16:14:12
CUS_AA88FEDB9C16,UK,basic,high,2024-05-18,2026-03-24 16:14:12
CUS_A4E74D6394C4,UK,standard,medium,2025-02-24,2026-03-24 16:14:12
CUS_08D46A3AC32E,UK,enhanced,medium,2024-03-25,2026-03-24 16:14:12
CUS_282FEF6F1831,UK,basic,low,2024-03-30,2026-03-24 16:14:12
CUS_F5D7BC965811,UK,enhanced,high,2024-03-31,2026-03-24 16:14:12
CUS_5448D694B82B,UK,enhanced,high,2024-11-15,2026-03-24 16:14:12
CUS_FF2A968E4A39,UK,standard,low,2025-08-05,2026-03-24 16:14:12
CUS_DA048FE48E01,UK,enhanced,medium,2025-01-24,2026-03-24 16:14:12
CUS_378736790824,UK,enhanced,low,2024-05-15,2026-03-24 16:14:12
CUS_6B01C38F3AB3,US,enhanced,low,2025-09-23,2026-03-24 16:14:12
CUS_52F58AB4BE4C,US,enhanced,low,2025-03-21,2026-03-24 16:14:12
CUS_614E776E7ADB,UK,standard,high,2025-05-12,2026-03-24 16:14:12
CUS_6730E491D5AF,US,standard,low,2025-06-18,2026-03-24 16:14:12
CUS_BA8BAE9662E1,US,basic,low,2024-12-10,2026-03-24 16:14:12
CUS_08AA3DEDB0AE,UK,enhanced,low,2025-05-20,2026-03-24 16:14:12
CUS_B55F9B9F2D2B,US,enhanced,low,2026-01-12,2026-03-24 16:14:12
CUS_4618D60CC460,US,enhanced,low,2024-05-10,2026-03-24 16:14:12
CUS_4CD270B9F450,UK,standard,low,2024-06-17,2026-03-24 16:14:12
CUS_478994359171,UK,basic,low,2025-08-26,2026-03-24 16:14:12
CUS_EFEA7373E068,US,enhanced,low,2026-01-25,2026-03-24 16:14:12
CUS_367DE515BCDA,UK,enhanced,low,2026-01-07,2026-03-24 16:14:12
CUS_13ACF2B1ABA0,UK,standard,medium,2024-12-25,2026-03-24 16:14:12
CUS_3EA2461E8E28,UK,standard,high,2025-11-01,2026-03-24 16:14:12
CUS_DCB4E6E6125B,US,enhanced,low,2024-08-09,2026-03-24 16:14:12
CUS_DDD959DA03B4,UK,standard,high,2024-10-08,2026-03-24 16:14:12
CUS_964F1B1877C6,UK,standard,low,2025-03-02,2026-03-24 16:14:12
CUS_1A581ADDE1CC,US,standard,high,2024-06-30,2026-03-24 16:14:12
CUS_A8B877AAFD6E,UK,standard,low,2024-06-18,2026-03-24 16:14:12
CUS_1855B76E9822,UK,enhanced,low,2026-01-31,2026-03-24 16:14:12
CUS_AD78CF01E37F,UK,enhanced,medium,2025-03-09,2026-03-24 16:14:12
CUS_FC809C800FD1,UK,enhanced,low,2024-05-05,2026-03-24 16:14:12
CUS_6C929441D905,US,standard,medium,2024-11-27,2026-03-24 16:14:12
CUS_34609584CBE7,UK,standard,low,2025-04-07,2026-03-24 16:14:12
CUS_6B36FCA945D0,US,enhanced,low,2024-09-18,2026-03-24 16:14:12
CUS_10E1ECF35367,UK,enhanced,low,2025-10-19,2026-03-24 16:14:12
CUS_23DCB120505A,UK,basic,low,2025-08-08,2026-03-24 16:14:12
CUS_A05B62B3FD4E,US,standard,medium,2024-04-22,2026-03-24 16:14:12
CUS_AE145628979F,UK,standard,high,2025-12-30,2026-03-24 16:14:12
CUS_0585BAA9DCAB,UK,standard,low,2025-09-03,2026-03-24 16:14:12
CUS_FEA0D0B67DF2,UK,enhanced,low,2026-02-19,2026-03-24 16:14:12
CUS_A9E11850E6B1,UK,enhanced,medium,2025-09-15,2026-03-24 16:14:12
CUS_EF627CFFC236,UK,standard,low,2024-06-02,2026-03-24 16:14:12
CUS_F2FE277056E7,US,standard,low,2024-07-21,2026-03-24 16:14:12
CUS_E2991A02F1C6,UK,standard,low,2024-07-08,2026-03-24 16:14:12
CUS_93C0C08ADEE3,UK,standard,low,2025-08-05,2026-03-24 16:14:12
CUS_C91343B123D3,UK,enhanced,low,2024-12-02,2026-03-24 16:14:12
